id,role,creator_username
1000184947185715,train,finosoft
1006442963094082,eval,ranger2
1007571866714652,train,sp8962de
1008151256597783,eval,pma
1012336792916796,train,srinivasganji
1012908519242002,eval,laurilillmann
1014202159113566,train,yuliakorolyova
1018222545785752,train,canislupus
1018847975519309,eval,brackone
1022284531884867,train,zainabr
1029000427630876,eval,buiducbinh35299
1031017470764576,eval,kristianoslo
103556902367710,eval,mappi
1047222609015689,eval,pepenova
1062966637444202,train,outbacktesla
1064734917398395,eval,EmmaGB
1065955857261804,eval,plexi32
106852454811666,train,geraldchatagnon
1070256200421131,eval,poxonline
1075631136259137,train,noel
1075660386403301,train,jdorcely
1083299265491275,train,fta
1085787398578373,train,mirasolera
1090627471449778,train,przemas75
1091149901410323,eval,wowik
1091710211410691,eval,johnp
1091866564681680,train,map14
1091949224622783,train,b108
1092316461289679,eval,rossbutlerworldbank
1094954271314691,train,viajes
1096035060920856,train,matiaslavik
1096894500833112,train,tzu_yun
1097717794052951,train,gmagno
1100839523742031,train,zoegglmeyr
1103990750088126,eval,rerex
1104473520059663,eval,reenamap
1110051993100915,train,quickok
1110783136098050,train,bezdna84
1116575888852919,eval,christiancasa
1117334568775680,train,raveneye
1120270815116474,eval,sun00
1121001268411069,eval,rubynikki
1122011428298451,eval,rustyb
1123672604793334,eval,pxaytt2018
1123889794754122,train,jmoliver
112457330915171,eval,v987412
1126237321187202,eval,flashkiwi
1126593901175057,eval,tsumy
1126705471169466,eval,vorpalblade
112743438227050,eval,lakshyajeet
1127734451059021,train,neevanh
1130181491104016,eval,elphix
1130326604134622,train,johnpinto
1131077874025398,eval,mapillario
1131106934053513,train,mdmahir
1132427237220294,eval,gregorywilliams
1133157847096685,train,galschool09
1138176703415940,eval,asteraye
1138445926717661,train,ottor
1140010239847176,train,mjay
1141648319595444,train,ignitesrini
1141903163192743,train,ilyessem
114299207379353,train,romanshikin
1143787519475554,train,here2018
1143843042770618,eval,kirubel
1144014676099783,eval,rariyaso
1144061793090429,train,jaas
1147497572381215,eval,geomanjak
114901251094455,train,raphaelmirc
1152955628487775,eval,nigelramsay
1153463581779993,train,sdos77
1155920868565635,train,99problems
1156479174877231,train,regulusleo
1160012417846641,eval,rjrrjr3
1161883980902774,eval,jptolosa
1162249977626998,train,aintgd
1164121807342361,eval,mackerski
1164915830597485,eval,irinali
1167273743713609,train,fercema1
1168226773590423,train,thipsirin
1168959410231360,train,jacques_n
1170015203451379,eval,rustyb
117208480394039,train,juhanjuku
1175181596259094,train,kevinkreiser
1175339142919391,eval,wesnovak86
1177148412766758,eval,clemdoc
1177418063190229,eval,WestWimmera
1178210155947563,eval,wimmel
1180300995725561,eval,shaklawoon
1182204272251313,train,kauffpc
1183839742042258,eval,saschahaberkorn
1184620001969317,eval,nebojsa
1186787678535356,train,sirojiddin520
1187737001672836,eval,eyduhh
1189051474971092,eval,borhanal
1189337111537240,eval,dmitriiv
1190405568087928,eval,smk
1192166921217375,train,redcrossnl
1196965714081763,eval,simmis
1204125780001564,train,pollob666
1204851569973112,train,jbthemilker
1204881869933986,train,leshii
1206782716427165,train,joostjakob
1208767219584098,train,terchchida3
1209693096130779,eval,jeepney
1211029049684170,eval,roadgeek_md99
1214025325717689,train,victorjr30
1214929965612005,eval,v987412
1219356575288150,train,miklav
121940969926246,train,damjang
1222699868162190,train,skillsy
1224078834771165,train,mityukov
1227589477698877,train,pgurijala
1232180784306191,train,Vis_M
1235385536881300,eval,jamesmonday
1236816206737452,train,suranga_nandasena
1237458380071804,train,samsam2112
1240025749751669,train,toaoa
126441536100385,eval,karlis
127068623545977,train,blazeburovski
127565256064386,train,fercema1
1276483382745877,eval,georgenqueiroz
127912873108755,train,Postoyalko
128198979300311,train,rpjjpr
1282398935507926,train,empty
128478742574065,train,mdmahir
1289083801488709,train,nicolaus1977
129370972468156,eval,changchun1
1297887544045249,train,shanard
129873539134666,eval,derzornigemarkus
130512185793024,eval,ankeric
131282785624900,train,mbayan
1316440198859279,train,cenacom
131999275926838,eval,pppetros
1324290121363309,train,Paar2
132557899137367,train,plan_c
1336186343420323,train,fjavalosza
133817612099164,train,adflkys
133824308767150,train,joachim_mueller
1342336756147429,train,isvedic
1343228942724695,train,mondal
134581041992754,eval,tangermycity
135246411916355,eval,kriksis
1354423448291967,train,jkanales
1354583788248121,eval,mvl
135493908622566,train,iced
135775055252271,train,clementmno
135994178547304,eval,mishari
136042991893165,eval,maggiymir
136179898501082,eval,i_drive_alot
136438981813441,eval,harbicht
1365013680547445,eval,pmbuya
1366858870446931,train,brunomanca
136712805150724,eval,lucia_
1368133640223922,train,owhalley
137493051740553,eval,rdlf1985
1375793676108623,train,staehler
137825741697799,eval,yeniprimasari3094
137962268318031,train,divino
138023801599703,train,gruch
138636528260467,train,czecko
1386798861845563,train,stev391
1387300531669648,eval,radnaj
1388061898238917,eval,albertoq2004
138996628451652,train,nemanja303
1391426417857280,eval,mbumi
139213344933709,eval,jte
1393520891013909,eval,max93600
1394078704308720,train,hey
1396093627435658,eval,zxmon21
139649791479342,train,bielebog
139652154808008,eval,ben_supermen
139734641459038,train,xijie
139768914837931,eval,ben_supermen
1398463280524268,eval,sntj_02
139875294911908,eval,r33za
139960174846840,train,nmixter
140045738150789,train,tm3594
140119841472199,train,peltiern
1401731380179866,train,teemsaj
1403576646685471,eval,kaartcam
140483958109588,train,gustavoaugust
1407468076391195,train,edjone
1408960799476554,eval,rngkll
141232107987551,eval,marczoutendijk
141343381427221,train,catoandersen
142255314536708,train,spex_herman
1423557814662481,train,tawkahlaing
142373077791070,eval,rudgeol
1425251004499456,eval,foxandpotatoes
1425388501154497,train,raymond2828520
142796797834461,eval,caesium
142884571092652,eval,rahmoniddin
1429218644089225,eval,dielon
1435020413525636,train,jitenshaniko
1439933133146632,eval,Davidmejia7
144316567707694,train,it_s_so_funny
1445834062461560,eval,Woodworker
145590624134208,train,shlublu
146040270840049,train,kikihadwiyanti
146195574141934,eval,thomasi
1464282147287218,train,gob
147014920777975,eval,mulualeme
1470176070084726,train,Nsalazar101
1473289429740395,train,mondal
1476883635976321,eval,haribo
147879100588220,eval,sparks
147909180916541,eval,guyutetube
1483206522040932,eval,drewtbarr96
148485914437121,eval,hobgoblin
1484951121975966,train,ser9ei999
149311241054329,train,ChenJJ
1493115117698219,eval,japa
149428817193873,eval,spex_alex
150417673725625,eval,eronex
150796216941872,train,ijtihad
150858196983363,train,mapillary01730
151107490297043,eval,cafeconleche
1514594228932059,train,muhammedbinsaud
151584063592799,train,mmahmud
151890693617320,eval,evgueni
152188406782124,train,xijie
152816180141550,eval,ingiba
153018800402394,train,Vis_M
153159593414285,train,deosaputra
153339700720360,train,bct
1533690886837582,train,kai2ser
154046299932366,train,mmahmud
154770379860078,eval,qball
155250306487512,eval,tomasu
1558183964379807,eval,loglogy
155875399842596,train,coreagc
155883883053767,train,strainu
1562296133975847,train,empty
157031423048221,eval,dmap_ir
157380672896109,train,dibloni
157593746266435,eval,ccastro
157689516310234,train,srinivasganji
1577226569370154,eval,kevans
157776486348145,train,captaincol
158090176564594,train,randoogle
158132112908913,eval,maxim75
158146696254945,eval,black
158296322882329,train,gerhard
158387376213409,train,bogdancandrea
158435932892970,train,nicolas_desra
158605456212036,eval,qball
158692939530231,eval,gtrus21
158888306191707,eval,daltoncad
159028862834350,eval,hongsthd
159105832811230,eval,naclox
159525386128392,eval,ruske
159761279437863,eval,de1711
1598164197048796,eval,spex_advisers_admin
160112219383700,eval,geaprogetti
160447239665677,train,uncmap
1607753839410181,train,brunosan
1608836872645242,train,alexey_z
161007179204477,train,juneass
1610390775824175,train,1000io
161101913039814,train,dacha
161284455866647,train,safiani
161535355977143,eval,xgar
161781359227704,eval,filohipo
161944863207253,train,recklessxpy
1621824691540602,train,tshibambe
162650602456959,train,jmoliver
162958062431015,eval,bayqush
1630798687296770,eval,felipedantas
163347699042523,train,aicprogetti2
163508299022729,train,haroharo
163761962352185,eval,jessagittarian
163884055548625,eval,bellazambo
1641912722671859,train,adnene
164221108885342,eval,belinda
1643265869364202,eval,jebins
164597132225946,train,roraima
164673222336129,train,ctedriver1
165185892204000,eval,sank
165342825479933,train,suki52
1659240644287113,eval,jean
166136935445156,train,abdurohman
1662939457232665,eval,pppetra
1668529003486997,train,tagasanpedroako
166933172029624,train,seb1204
167118045329778,train,jared_stewart
167342935292505,train,fredm
1673653542820152,eval,frklin
167718382020564,eval,56790uz
167730815190387,train,zoegglmeyr
168606158508493,train,bootprint
168975908520653,train,zandu
169008891895196,eval,vik1607
1693937444111846,eval,nofed
169692825034856,train,nozon
169750721734147,eval,yaa2darko
169809631708315,eval,mfadhillahafif
170121545022782,eval,asdfasdf0987
170377084996913,eval,shubhammishr
170418521676782,train,mbethke
170436974874458,eval,abenesit
170488114995348,train,maxolasersquad
170627021732035,eval,chopelamama02
1707219116145089,eval,srividya
171205434904052,eval,winlwin
1712949515557041,train,tawkahlaing
171508308209545,train,liimatero
171561661636674,eval,habib25130
171612628226489,eval,vik1607
1718868484952492,train,mirmajidi
1720278514846210,eval,zibi_osm
173095661486852,train,szurek
173501834561921,train,abumansor
173564341337493,eval,trung
173592881210274,train,hbogner
1736828856665678,eval,WaggyDog
173693167867864,train,kevinkreiser
174074521260701,eval,chicocvenancio
174252961271063,eval,jyotirmaybarman
174311024576087,eval,sgs2030a
1745728595619168,eval,moreliasemueve
174598754536869,eval,edisondotme
174728844532455,train,tastrax
174945111245316,eval,supaplex
175031294492607,eval,leehy0jin
175514787704052,train,percherie
175537637784328,eval,winlwin
1758517770998132,train,lawrie
176048844398220,train,romanshikin
176093627726479,train,nheidenfelder91
176478251048028,train,szurek
176719734352540,train,mottiger
1771062003074588,eval,tree2424
177498334160339,train,ilero
177701347549948,eval,zimmy
178039811262004,eval,uriel13
1780594512112629,eval,wayne1028
1780901782109758,eval,kaxtillo
178262490830020,train,carlos_gis
1783682121815617,train,dave683
178794467427755,eval,arc_ttl
1793163654186784,eval,isoipsa
1793735287464364,train,czadzik
180782223809734,train,tranthevinh
181235317219669,train,jmmapiranger
1812572782255684,train,donkey
1815096498651336,eval,dvd1973
1816925085134254,train,soviel
182131727098634,eval,spex_alex
182314590452205,train,vysakhrnambiar
1828581377316039,train,jamesa60
182876234213369,eval,TheWonderfulTartiflette
183175620241096,eval,jean
184973323541284,eval,yuriyk
185577700095106,train,riyadiwibowo
185642386644036,eval,pierluigiderosa
1860299624120339,eval,nestoras
186032050061168,eval,nyk0la3
186283916700918,train,vlivyur
1865818946925847,train,eddie845
186625126648053,train,edianta
187252186585450,eval,sntj__8__1
187357749878004,eval,blajo
187510273226579,eval,arafin
1876235305878116,eval,acosta
187701806555366,train,addharuery
187946436516335,eval,justtobedrew
188212123171032,eval,jjteban
1886455711510400,eval,mitryj
188680093571034,train,lilylory
189428559691942,eval,kluntje
189440973540262,train,diacritic
189606749553432,eval,olekje
190007719623661,train,shlublu
190237626258692,eval,yasunari
1907093542773318,eval,jackdripper
191176502840480,train,asdfasdf0986
191708249970234,train,tonyf1
1921985364624718,train,racky
1927683270730472,eval,fdot_vl
1932604683584092,train,esario
193558802497347,train,tunx1
193926169236501,eval,talpidae
1944812625672708,eval,kds29
195224839110577,train,daudrain
195400005644113,train,floatingboater
195747125727940,eval,michaelmcbain
195815242271672,eval,bigbang001
195867145699202,eval,roadexplorer001
195897792382324,train,aintgd
196119892346077,eval,luisuribe
196237278985102,eval,asimonelli
1964093720415210,train,jqka
1964943976993376,train,rafael_arraes
196613418948143,train,mapillary_service
197101258915336,eval,sjohnson1b
197115765571377,eval,schermy_at
1978015872349792,train,gabriel_tandil
198053762142202,eval,locator
198060348654256,eval,idenisovs
1982955568509610,train,zbycz
198595132006041,train,andreson
199750898637300,train,peltiern
1997752383715447,train,ibou1003
200695895220451,train,catiaritaferreira
201069365020895,eval,dannyats
201150331634579,eval,utvonalfelmeresek
202081011577114,train,tror
202622835035834,eval,wayne1028
203640398026358,train,keithonearth
203704898101739,eval,bicivan
2037825166369660,train,buchenhaus
2040891692717142,eval,semi
204321711293431,train,xuke5632211
204743278625070,train,ianeoliveira
204992844887146,eval,Woodworker
205078488106547,eval,burcudemir
205483141158815,train,libernetcebu
205958574675901,train,driverbelarus3
206029421139048,train,geodz
206267874414233,eval,xapitoun
206444205208519,train,recklessxpy
206463837760060,eval,toffy
2067498383393106,eval,bahi_ross
2073402289483308,train,yogi
207472640957131,eval,fordeli
207541424243512,eval,whetto
207677941168559,train,poncilito
208784624110985,train,moises
209090550774055,train,vrmap
209736277369047,eval,nfgusedautoparts
210337554090016,train,ibokanov
210565967238121,eval,flohoff
211403237221313,eval,ahmadahmad
211570503874784,eval,rossbutlerworldbank
212629767091321,eval,mik007
213166743685089,train,ecurbow
213182687017162,train,rpjjpr
213297063709764,train,honeypinay
213443306900128,train,rororo
213520410357237,train,sp4rkie
213847820302886,eval,das116
214306493471153,eval,geogast
214877686807736,train,udivik
215879933685107,train,skmmc
216054823363879,eval,dawoudyezri
216237796705112,eval,jamesmonday
216476053373683,train,azsr
216481116655696,eval,brunoslowen
216719786949310,train,furkan
216769426571819,eval,albertoq2004
216777206506805,eval,hjart
216863039930827,eval,arcanma
217134110228521,eval,tniemine
218380720054234,eval,jaakkoh
218520703120292,train,zandu
218846407001101,eval,alexred
218944993064794,train,citylabpucmmd8
219296816288285,eval,westis
219568882931619,eval,sergaa
219912759569710,eval,zxmon21
219996656550725,eval,an7fer
220129032880680,train,bmjhaga
220861476183123,train,bswatkins
220996202808122,train,enock4seth
221230739401373,train,dianawani
221623799297178,train,weeto20
221673852679724,train,harimawood
221726129335984,eval,trek700
2217585155045179,eval,lvl5
222701052638992,eval,verdeano
2229919557137908,train,adam_andreski
223360615823144,eval,sajv
223366112895404,eval,ambar_s
223782596177145,eval,h_hvv
223822379509228,train,cipher
2240663286071990,train,Roadsmoz
224168659513209,train,krishnanammala
2243952345740874,eval,josejunior
225194342277381,train,zdik
225599805570186,eval,perryman
225817605970192,train,longden2
226147649635350,train,ibou1003
226417162587344,eval,richardc
226988985537419,eval,assetsweddin
227439612518326,eval,wayne1028
227943169099371,train,adsrn44
228145278648620,eval,nabamb
228471371951481,train,xscvxc
2285459428275472,eval,tom_g3x
228677065724569,train,racky
2287668438031230,eval,shubhammishr
229343492286351,train,anara__09
2303944906404448,train,suschtenname
231641668730712,eval,hemengul
231795238743713,train,viniciusgrassi
2322900151176796,train,1000io
233079818614754,train,mirasolera
2333056760182208,eval,ponia
234362285139581,train,older
234938081764077,eval,rudisha
234976315069146,train,adissss
235543418369622,eval,aosun
2356898857787478,train,dasza
236599378258771,train,toebee
236898024874689,eval,kdiluca
2378007389009476,eval,aditisarwate
238209134770015,eval,jladdison
239059984639223,train,tometome
239760854590432,train,ptmap
239943934683187,eval,jrc21
241076204478972,train,thohi
2413897832088541,eval,pgiraud
242930644250361,train,gaptpro
243534544125677,eval,zibi_osm
243596024206175,eval,ravishankar
243735567828236,train,harimawood
244059064145963,eval,mongib
245168210795515,train,kdot_restricted_use_23_usc_409
246429313937994,train,mohsinislam
247021873885909,train,jacquesbure
248183480330003,train,here2018
248194923858278,eval,poxonline
248210777083257,eval,blakiper
248222750428965,eval,mappi
248845493671992,train,mayank1201
249827206931169,train,teemu_m
250763850167292,eval,charlieplett
250835056830589,train,jarve1024
251065100135464,eval,wazer
251138073471427,train,fepol
251458930255014,eval,zh9567
251608563383528,train,cheikhwade
252122446696478,eval,msevilla00
2527023960939779,eval,ksenia
2528289770808544,train,algarinr
252959852828062,eval,beddhist
2536365379993586,train,vinhegis
253728866662667,train,vdexplorers
2539678326328375,train,lumi
2547328022240491,train,ccbb7766
254946659662458,train,shailajashah
2557085277932438,train,peterleth
2558537997773234,train,horabell
2562509130710978,eval,vorpalblade
2569651506672182,eval,svenruppert
2574032836239510,eval,wapriz
2585473018424429,eval,tabrez0708
2599025276900659,train,WBGCP
260160895895058,train,jamesmarkland
260339442485086,train,live
261410932350673,eval,brisky
261591485649871,train,owhalley
2618025771824287,train,mohd_danish
2620264648110521,train,sorbovit
262568985600193,train,suki52
262785452708835,eval,sobaba
2629027857395119,eval,knikel
263646408827179,eval,galilu
2637778459854136,eval,gaurav94
2642857686023438,eval,mois999
265758671945213,eval,jdms
2658189504481121,train,irjauaiznemts
266006048589376,train,kriom
266872135139133,train,jbchurchill
267168005087850,eval,ivannis
267406111733456,eval,kevinsborden
267493231658175,eval,renade
268064311677035,train,htcltd
2685886661707512,eval,sala
268916921636766,train,chrisbeddow
269355878220934,eval,rhyslewisakl
2695923870698166,eval,bazich
269806091550131,eval,pdgoodman
271542371323964,eval,_jcaruso
2718265125103173,train,ratzillas
271857724646563,eval,sanshiro
272070864600483,train,biplovbhandari
2721787311446857,train,filipc
272439467917728,train,viajero981
273304037852858,eval,ahmedaieta
275057100978423,train,ayubalinejhad
275067247627131,eval,arizalkawamuna
275085424347030,eval,mjoodealtamimi
275278667595184,train,gyllen
275369854284246,eval,elsuggo
275683657614992,train,berniejconnors
2777139042548244,train,redcrossnl
278102747321362,eval,ancho85
278537887250450,eval,mariuskarotkis
2786708904974260,train,99problems
279151227248052,train,tepimizanroad
279195147173944,eval,akbarfebri70
279238913933649,eval,wassaf
2793207021008467,eval,thibdrev
2795770980682799,eval,grahamavard
279745707125004,train,galschool20
279779843863801,train,sgsc
280153313810917,eval,multimodaal
280484520477863,eval,joayres
2807507979563120,train,cenacom
2807603229554880,train,keodara
2808065049522379,train,tometome
280950873444742,train,medrik
281211800400020,train,mityukov
281304686975591,train,naylinnaung
281713580496591,train,xbd
2817292478519847,train,gregkeating
281763013628566,eval,adam2
2821385841525601,train,dramewand
2825190677705010,train,akasikas
2828605787453107,train,ricike78
2832294843752939,train,jendol1961
2837833536461438,eval,drnoble
284156426691614,train,shahinnia
284235013321211,train,myland123456
284659386628660,train,panieravide
2848775712055639,eval,chopelamama02
2849797068614495,train,igorzo
285322723078232,eval,tommaso
2853679658180459,train,mghla
285645959883718,train,haileyesus
2858509004405207,eval,daemonkity
2861591020722727,eval,chandusekharreddy
286349309825511,eval,vedran_v
286443496475720,eval,sgs2030a
2868688193460180,eval,bazich
2870094226572660,train,sarkhan36
287046939743606,eval,sogefi
2871527163088729,eval,gap
2873154716265459,train,fadlilaa
2874845529420890,eval,cikkilti
2876809265928109,train,bela
2877072772544519,train,ejegg
2877683189185827,eval,robot8a
2878993945714431,eval,mapkler
288117832964577,train,kleper
2881710398737658,eval,tree2424
288255512947868,eval,jorchr
288517392770275,eval,ente
288574129484559,train,amalnamaku
2887994558109274,eval,zizon65
288854406168782,train,markscalf
288931476238659,eval,jptolosa
2889458084662437,train,mancity09
2895338970784027,eval,baumi
2897655207218044,eval,elsuggo
2898680393793963,train,riyadiwibowo
290107185995439,eval,eronex
290184146160804,eval,sank
2904342603182252,train,johnpinto
2905006216448571,eval,cookry
290531369478410,train,spike73
290556346004070,train,rajunrbk
2909589662646730,eval,dvd1973
2911241569116968,eval,buiducbinh35299
291250675954961,eval,skippern
2913342902244253,train,jwpwhite
2913347622281160,train,hanifarafah
2914153572165341,eval,calimapnerd
291513022599829,train,karthoo
291665575919806,eval,lageano
292039952544187,eval,potaro67v
292242972391138,eval,rainerup
292327992376372,train,westbam
2923399607907615,eval,biobuur
292479182474336,eval,jwilbrink
2925333354413780,train,ctphotologrow
292583055741283,train,gerald82
292603635746285,eval,jacknumber
292675762510414,train,kubikanber
292863148844225,train,larshelmin
292878529254938,train,eduardohildt
293214062284774,eval,elphix
2934221900230833,eval,mehmetsayin
2936465286637670,eval,genthonj
2938081419813391,eval,guyutetube
294011972373521,train,srinivasganji
294025669007924,train,mfxdo
294101549089181,train,quicky
294336035504000,eval,biytamir
294426425473373,eval,ljbouere
2944757389103020,train,johnarupire
2946404199013065,eval,df45
2947163388847211,train,it_s_so_funny
2947510908901832,train,doreen_natamba
2947668242134149,train,seb1204
2947870988825180,eval,arizalkawamuna
294950318963870,eval,tdutybq21091970
294976671989614,train,plan_c
295133675529523,eval,payut89
295174002096998,eval,psychoz971
295418638898932,eval,m6u
295439788953430,train,tepimizanroad
295447585492136,eval,emicall
295552449252502,eval,benoitprieur
295666052135475,eval,jladdison
295676072059844,eval,ugone
295686872294442,train,regulusleo
2957096744611835,train,vsalgado
295756015491015,train,manzareck
296155088780765,train,fissl
296176501976597,train,jglacerda
2964688500485624,train,ccossio
296581738627928,eval,moktarama
296897965313464,eval,weinschaum
296924592030220,train,joostjakob
297028831964046,train,jdieser
297440581915199,eval,arcanma
297469905427523,eval,cquest
297530895330944,train,sefaonur
297626558564044,eval,asimonelli
297630542019553,train,coreagc
297713341832537,eval,das116
297737508484812,eval,coilamo
297756245308812,train,pavolg
297889828587460,train,shlublu
2978951262350291,train,thurahlaing
2979489095666742,eval,zxmon21
298782785286175,eval,rariyaso
298933271732243,eval,tla
299289461676553,eval,tiger65
299487878454674,eval,tinymapper
299609301762578,train,jenningsanderson
299652788336509,eval,moses
2998286240497405,eval,janm67
300107021723596,train,jotaka
300292071561827,eval,andrebsr
300324108328398,eval,tariquehasan17
3006651392899419,eval,mtnbiker
300764151768446,train,meevlor
300974838398383,eval,bayqush
301126881617807,eval,fell3
301273161700298,train,temykk
301373188253393,eval,benoitprieur
3013786622281843,eval,birzhan
3014182142196613,train,malenki
301489884784326,eval,cartophyl
301894651436006,train,canadarunner
3020432778190040,eval,sander_h
302410084713662,eval,agapayo
302458041324633,eval,pymouss
302609231434440,train,furuchin
302652098119237,train,vincent_95
302819828031651,eval,blackty
303720774557127,train,raymond
303748141314424,eval,tetmakolin
3038491996474390,eval,marciosampaio
3038538576390135,train,dany917
3040648856164003,train,tobstu
304350378308866,train,tonoyamatanken2
304828024352392,eval,trolleway
304974497776832,train,peltiern
305049117661838,train,dnitgeo
305237327875550,train,giblet
305264054546321,train,daf
305272870969414,eval,tla
305349427825671,eval,wibbit
305700027749275,eval,pothuhimaja
305746891100671,eval,sherbets
305805547704710,eval,floke
305828321037311,eval,morita
305831831075321,train,wnakagawa
305961364399729,eval,_jana_barros
306031207583620,eval,wirtualneszlaki_pl
306032347818577,eval,mrakgailwane
3065434910355344,eval,adi_sucipto
306593437576100,train,longden2
306633234398844,train,travelsmart
3067015293622819,eval,mimivte
307043947837123,eval,r33za
307088380790457,train,kaanpakpum
307216100861800,train,blap
307723734067794,train,ghirlemann
307862547414653,train,geobwm
308142817604264,train,pimpitcha
308212240709798,train,shahashishg
308571730793831,train,kibour
308596147471912,eval,sdroldan
308836214188677,eval,ctroadway1
309097317318309,eval,sawanshariar
309473224071238,eval,kriksis
309775007197305,train,ligfietser
310222187375251,train,maxolasersquad
310239873994502,train,dagnachew
310506457148757,train,bernardvoyageur
310552190638320,train,mcbih1
310658430437601,train,hectorreb
311104003948173,eval,kaxtillo
3111582622495647,train,Angelcd
311361167186831,train,komoronokaze
3114146002178207,eval,kazeem
312931753668183,train,hodkowicz
312946950283263,eval,bhavana_naga
313128897006822,eval,adi20
313194093748227,train,hamitylmzz
313395850152686,train,pkoby
313612076808199,eval,clovismapping
313948493428739,train,kelvinminn
314697056729606,train,midnightcomm
314954003366021,eval,lidodado
315295066860496,eval,tniemine
315713989938888,train,tas50
316099820033165,train,quicky
316100236624785,eval,poncotsu
316344963349856,eval,mvl
316570526808318,train,fepol
3166470526913852,eval,mapper_07
316846713157334,eval,t0mmy
317064433456112,eval,rafialacahan
317123943090992,train,geraldchatagnon
317552966394290,train,vrmap
317831209778568,eval,aoreinhardt
318139727170920,train,anaateixeir
318184199700467,train,danyelle
318249743004684,eval,isoipsa
318458193126894,eval,talllguy
318998159574336,eval,pppetra
319048342924389,train,nemoow
3193858867507942,train,bic
319504363076331,train,ridvanersoy
319703489573955,train,harderthan
320027992796215,eval,bloodhound99
320304112812049,eval,juasmita
320464172823118,eval,jayp
320888619642168,train,gusu
321235156739298,eval,mphathaway
321277716060336,train,ckkw
321981056083521,train,skorov
322167486061290,train,neau
322537099203279,train,pinpiointmapping
322646395895977,eval,jnse
323049912555929,train,posiki
3235133500047103,train,elotrojames
323583155828490,eval,marchel
323722622443768,train,safiani
323864355779689,eval,rariyaso
324336625844482,eval,sergeysemakov
324917148992881,eval,edisondotme
325905278971127,eval,stimpack
326016605522710,train,mhenclik
326024325530759,eval,vp7
326035609039530,eval,omnibus
326056922734919,train,mapworm88
326628432146121,train,andylin
327252145459778,train,rfoster38
327659052196751,eval,sparks
327961432277854,eval,mphathaway
329439598749065,train,esmerboy
329662382108556,train,gchiorato
330539718561909,eval,romanf748
331568809138493,train,cu_CARTOGRAFIA
331570405052382,eval,jubaeroru80
331889688644710,eval,mapmaniak
332411875112897,train,laminendiaye
332769088248106,eval,rjrrjr3
332851411776281,eval,mattmerc
333137894839841,train,ozkanilyasaksu
333214311477850,train,aleksasfi
333959074823235,eval,schnitzelwagen
334379571358585,eval,spanky_big_boy
334834407986948,train,berniejconnors
335047354711453,train,rpjjpr
335128421450363,eval,plexi32
335230431444825,eval,alandl
335550178009201,train,harderthan
336037694610093,eval,kobykarin
3361500427417832,eval,bikeni
338126971071089,eval,qliu
339376417534581,train,map_hard
339621504256167,train,magma18
3404964083111616,eval,infrap01
340764327891141,eval,Mulualeme1
342784034125217,eval,tani
343046900484652,eval,jayitio
343854547174057,train,raymond
3442622925839850,train,thecyclist
3529663243925335,train,themadcabbie
354300216055703,train,divino
354368392747232,train,fa30
3546081862164745,train,paulojosefs
357979436226196,train,RobinGoix
3586060774831293,train,dongolishan
3594665567306600,train,zors1843
3616555985235288,eval,cafeconleche
3622577527968276,train,noliver
362659905177581,train,driverbelarus3
3639306239627047,train,cut
364237845297924,train,cenacom
364624528309895,train,mapillary01730
365482158228240,eval,xma
365600161556003,eval,cquest
3667832119989380,train,mdroads
3682785975165803,train,rkiselev
368398081260838,train,tranthevinh
368581564584341,eval,jmsbert
368788184574674,eval,t0mmy
369155594532344,eval,edi21881
369324717847689,eval,fredporto
3698103573634895,train,mikolaj
370502557603420,train,pavolg
370928111332712,eval,sjohnson1b
371075350988110,eval,latentor
371365820965591,eval,guillemmal
372106814232926,eval,thewayofmando
3722843841172320,train,davegis
372319377431289,train,thierrytelenav
372458134199904,train,jmourglia
372618557525890,eval,sherbets
373440254001657,eval,kouki
3738548882921609,train,cra
373988233862919,train,erielkhan
3744473208998083,train,aygur
375128770495443,eval,sherbets
375903500470382,eval,sksk
376234923706762,train,mohammedpasha
376633261116653,train,czecko
377031790395422,eval,jarmo1990
377159213605291,train,mdgabriel
377403756966357,train,abdurohman
377989466884134,train,tssp
3781218218653259,eval,sirish
378955093457716,train,pavolg
379822926673700,train,cyrille37
3800135266706327,train,rachblevine
380064023266964,train,angys
3816300085149449,train,grkpete
3817189325076704,eval,damnitgetmybeer
383312949511784,train,edwrddp
385408612658011,eval,rodionoff
385787879492078,train,mcda
386118515894675,eval,mronewheeldrive
387291135821358,eval,yonas4444
3873904452686816,eval,jaakkoh
3901598189924689,eval,lluc
3907005139395464,eval,soltomsk1
390830621959133,eval,dpwt__odx_and_psl
3913319375453385,train,mako1995
3915728225194350,train,nafpaktia
391641248602977,eval,kharisov_t
3919168598160391,eval,andjelas
3921858017907252,train,zdik
392982088702059,eval,mariannemores
393011275157823,eval,sociastamara
3932656696855753,train,brano
393410189368323,train,bialy
393749665082316,eval,nguyen_chi_kien
3946648958786909,train,victuallers
3949162898533064,train,enock4seth
3954052958003661,eval,frklin
395929461436032,train,leonid_k
396135961430083,eval,roadgeek_md99
3968227606586623,eval,stili
3969734146454204,train,asdfasdf0986
3969917539722793,train,javiersneider
3973134126107020,train,munkhbold
3974362295986151,eval,chethan
3978272868877543,train,nyong
3982410465138965,train,brokenpike
3985863331529105,eval,bellazambo
3991184767627993,train,b108
3998177020269791,eval,seba020
4000675580024652,eval,marianarobledo
4007165926036865,train,hcastellaro
4012329355530327,train,fsach
4023409161079023,train,zandu
402684224353353,train,captaincol
403070574008699,eval,alexku7808
4037490442984863,train,tbeckler
404230961815305,train,Chisom
404643253881014,train,andrei17
4052638291442243,train,thelogicalviolinist
4054096031370387,train,tshedy
406155544136075,eval,pec
4061988447194059,train,daniballari
4069355566436592,eval,boracasli
4075060922517237,train,bendauphinee
4077260065643400,train,enduk82
4080773448610324,train,mayank1201
4081195941986565,train,mandawa
4095742740519022,eval,kalvaradompe
410606330966044,train,Tonkar
4115796268502107,train,wilpu
415065916876970,train,Paar2
415677977219318,eval,yannakis
417154357074630,train,Envolvente_Ingenieria
4174356222627621,eval,verdeano
4183364141682825,train,ignaciolep
4184098461634953,train,wiktorn
418605759181320,train,jothirnadh
418759982717522,eval,guilherme_peev
4213991495314165,eval,sarhoon
423245806107572,eval,jwitte
423394972524082,train,tibery
4238316722859737,eval,valdo16jr
4242430465769045,train,jamesmarkland
4249521588426339,eval,ruske
425061708456286,train,canfe
425465925213248,eval,rodionoff
4256724117694817,eval,kwrigh01
4284823318205305,train,xangel2net
4291111064233272,eval,valdo16jr
4292750750820934,eval,atze777
431525418589283,train,neau
4316408028404397,eval,mustafakamil
432757878317796,train,viajes
442360124728414,train,tbo47
444218913546937,train,kokoye2007
4464164840274833,eval,schermy_at
4506903446005619,eval,guillemmal
451897842550286,eval,mapillary09
452303062538243,train,kaanpakpum
4540606822630130,eval,freshman
454746892257445,eval,taroo
4549055928444367,eval,luislatin
455593795534053,eval,chenabeel
456033422269552,train,guyseger
456323355666558,train,ozkanilyasaksu
456406085420953,eval,relet
457328732002398,eval,talllguy
458909775217044,train,nafpaktia
459936608595867,train,graphicom
460086325091497,train,12volt
460353225032985,train,alexey_z
460354898591143,eval,schwartauch
4613320812017245,train,mdarwin
461922248409334,train,kp118
4621892134494213,train,elotrojames
4626725957344425,train,thiagoeriksson
462918471454169,train,saurabh_mani
463088068084200,eval,kobykarin
463182774985053,train,pjano
463193911439520,train,benjidad
463780931575254,eval,cmdigital
463783508188343,eval,allennatai
464373667955725,train,quionzo
464388241553399,eval,yoz
464530948177561,eval,londrinense
464689301474976,eval,nickovalentino
464717494815981,eval,naokiosaka
465232747905103,eval,loua
465420341336447,train,xijie
465437791409896,eval,michalp
465479798045888,eval,sadeepa
465558214559046,train,aidai_kg
465780478058811,train,moacirbmn
465809501163512,train,southglos
465852098022353,eval,grazkami
466028211322364,eval,sarahantos
466163677993591,eval,didymops
466228674800572,eval,radius_proxy_de
467052791061155,train,scialabba
467404374517716,train,spex_herman
467650357865474,eval,thevikas
467887034466030,train,peterleth
468078281131804,train,malenki
468538494242405,eval,calista2019
468614644210217,train,jthnz
468770201050782,train,damjang
468775014225361,eval,vp7
468819854380752,train,cronoser
469181144361741,eval,rossbutlerworldbank
470247297608796,train,vlad8000
470356514185720,eval,maxim75
470705204128520,train,javierestrada
470720370681853,train,yemanek
470739584237211,train,igi
470762910704674,train,riyadiwibowo
470972447511687,train,jeepjockey
471107757457812,eval,chethan
471229843979746,eval,andjelas
471605110818296,train,xevi
471853997451212,eval,paaaaaaaaatz09
472068030522044,train,smurfmalan
472255467317160,eval,aqua21
472646447549897,train,Rezareza77
472724403787778,eval,pertile
472900377125493,train,babakspeedy
473303978002585,train,lilylory
473472343758733,eval,todicn
473665333745818,train,useful
473817020620573,train,msamme
473987623893870,eval,yoz
474605943752081,train,aksingh
474675170525266,train,nicolas_desra
474709467330575,eval,Mulualeme1
474713970619883,eval,mapillary09
474793497183479,eval,taroo
474817937076039,eval,galschool33
475306560444889,train,tibery
475444607042010,eval,axelos
475795743685621,eval,hamish
475816316966490,train,mottiger
475836926974976,train,tallguy
475942173630294,eval,xma
476108370353326,train,ksinet
476429080282297,train,edianta
476737720197481,train,enduk82
476800076890761,train,blef
477174193511535,eval,kriszbp
477191156947592,train,bastinb
477308550200788,train,wolfgang8741
477478940197103,train,ccbb7766
477574056895447,eval,cnbg
477921836875817,eval,lpkutbxk
477930673260693,train,ealp
478050716648177,eval,qliu
478325426788817,eval,ferahkoksal
478591316778808,eval,adville
478736940118533,train,toom
479108989975376,eval,harbicht
479208543347987,train,solongo7247
479250710076865,eval,madhavarao
479979776575429,train,rudolfmayer
479991767596230,eval,plannerqadeer
480423129677006,train,kdot_restricted_use_23_usc_409
480790359804453,eval,nickovalentino
481018996665089,train,kleper
481127583104463,eval,bfwb
481627249818301,train,alllenwang
482239986320099,eval,rajeev7932
482511009661256,eval,danils
482731053515547,train,ariellopez
483560472947571,eval,rdlpradom
483593696214653,train,colombia_tour
483817132675422,eval,selfishseahorse
484248369486039,train,mcda
484259990508909,train,buragohainu
484514312785311,eval,rainerup
484651089516921,eval,dirgam
484827539262092,train,vbombaerts
484904879224680,eval,roda
485157249266128,train,galschool20
485405766000852,train,mfk
485702636022936,train,gyrogordini
485768479240382,eval,fedrian_syah
485895189399342,eval,bouchillou
485979589220208,eval,charlieplett
486166809172599,train,sarkhan36
486424265907453,eval,pgmpl
486475062561002,train,driverbelarus3
486987885979116,train,galschool008
487083269286452,eval,jean
487134769163156,train,fringillus
487138506060255,eval,renade
487508922577402,eval,alpzsarac
487579512486876,eval,rsavoye
487592879252356,train,nabard
4879211755534261,eval,nvkelso
488055792507417,eval,mauro14b
488614266609159,eval,lumos
488706729545026,train,ThereIsN0Spoon
489197308989353,train,eadrasha
489411689156798,eval,lluc
489451828838890,eval,vitordias
490547579033630,eval,ravishankar
491129892311587,eval,weinschaum
491222501970237,eval,denga
491469251903592,eval,thomersch
491516222038176,train,cycloscope
491662942147730,train,pkoby
492238441897652,eval,veloroute_hamburg
492987581829500,train,hanifarafah
493417525430965,eval,marcelbag
493658848642930,train,juleslegrand
493731931813773,eval,dielon
493766525002033,eval,sedicla
494055825172331,train,ghassen98
494492235091813,train,sunrule
494605871855793,train,nurbolburmen
494786278312940,train,nicolas17
494798255052046,eval,isoipsa
494998888204522,eval,ngoctran93
495100818308814,eval,markg
495483291804598,train,ckkw
495728718246755,train,yellowracer
495769128287294,train,kelvinminn
496093301541769,train,yogi
496642404698178,eval,jfact0ry
497284174791625,eval,digil
497459311378711,eval,naokiosaka
497513808350540,eval,brunoduye
497639751384960,eval,muskatinyevnik
498200994931778,eval,pkodame
498370688185803,eval,luzmargaritas
498587031280090,train,gweber
498699321315054,eval,goobersmash
499134661524344,eval,gster1981
499457057865626,train,chrisbeddow
499535628075766,train,maleo
499735028051839,train,kowcc
500003978607332,train,tonyf1
500191947684624,train,mapeadora
500299917681093,train,dade
500456241140468,eval,tybf244
500742577955414,train,janvanbekkum
500960738571792,eval,ilasolthah
501105221023625,train,istefanos
501192917688511,eval,jowens
501497931125712,eval,bathorypeter
501685677528180,train,klmlkpg
501743810959208,train,pancholp
502458040886746,eval,yeniprimasari3094
503207814196430,train,iovan
503439030790922,eval,flastern
503553374461439,train,Roadsmoz
503590844398759,eval,bhavana_naga
503683784099788,eval,renade
504236027280322,train,xscvxc
504256790714153,train,rdelach
504769327331793,train,jrcarlsen
505172497276455,train,owhalley
505903340541813,eval,marcioaguiar
505913823789003,eval,biobuur
506125924071356,eval,killa810
506149203746590,train,grin
506455824110763,eval,gizmomdk
506801403683601,eval,kreuzschnabel
507471083733329,eval,annekaro
508113063970906,eval,laye
508164743692117,eval,vherbreteau
508251003689727,eval,rcharles
508361583492477,eval,rodionoff
508500646987008,train,4004
508692220541605,train,asdfasdf0986
508753747239700,train,klumbumbus
509328297161971,train,farool
509441897145330,train,roadexplorer002
510631670308285,train,a525ao37
510804743617943,train,kolesajr
511073976591879,eval,jtorrescond2018
511211223344854,train,till
511218803244955,train,abdessalem1
512075156816393,train,clydel
512629713090585,eval,notobiene
512736873190663,eval,yeshisemon
513338513155477,train,teyvi_angela
513385226736005,eval,usuariopar
513410393172665,eval,yasunari
513506623051862,train,ainki
513528643155975,eval,georgenqueiroz
513945396446028,eval,luislatin
513986326705121,train,captaincol
514400169738201,train,mbethke
514426700608170,eval,apoma30
514544669671699,eval,jothishbabu
514736669861245,train,sorcrosc
514754166445449,eval,GaMiKo
514987020119514,eval,julieta23
515548026130940,train,javiersneider
515858589569664,train,sandrazorro
516663243026910,train,dmepin
516905706143791,train,nimcnaan1
517540412764071,eval,roptat
518283166292469,train,playfulbr
518731212843236,train,wilderduke
5191413367580302,eval,VadilloAbi
520138576034067,train,katrin
520541569355313,train,fringillus
520810872438278,eval,t0mmy
521113382245620,eval,adam2
522170428963171,eval,kds29
522333175436016,eval,carlosbrys
522592335782582,eval,flashkiwi
522671109141538,eval,natfoot
522779048878647,eval,arizalkawamuna
522923722259690,eval,marciosampaio
523868695661092,train,infrap02
523885745308711,eval,bhavana_naga
524350115641768,train,ccossio
524409825606234,train,jrcarlsen
524423375221425,train,ulifatus
524899538540795,eval,wjusak
525095898650172,eval,kjarrval
525117468655703,train,posiki
525228168652937,eval,kmajcher
525233235524298,train,jrcarlsen
525255175160833,eval,volucris
525793678581857,eval,roadroid
526131588770269,eval,i_drive_alot
526705361694438,eval,codgis
526745315377069,train,nmixter
527074841660459,eval,elopio
527136732027321,eval,nomadmapper
527174571650498,train,workuhaile
527459215326414,train,zagor
5276631112359171,eval,janm67
528320638542941,train,outbacktesla
528432674836609,train,fearsomesaytr
528598578309160,train,mmancini
528726041469936,train,patrikja
528825951446553,eval,ritter
528945284797767,train,brotich
529007361453967,train,jeepjockey
529594438163553,eval,artoria2e5
529656998392714,train,dolfandringa
530689167924623,train,xolli
530948664567542,eval,thawng
531873921220934,train,tasmaniadevil
533028054363904,train,adimarquez
5336421739765128,train,glibbertorsten
534148164260810,eval,wander
534931134555580,train,zbycz
536014020896434,train,klmlkpg
5366619203409272,train,vicroads
536936464380799,eval,eternaltyro
538256963827256,eval,eyad_felimban94
539758453687553,train,gerald82
540813280242171,eval,westoz08
540815153754085,eval,dymo12
541813023820431,train,remigio_chilaule
542368663799439,train,dzidek23
5427363980671808,train,jenok
543215669998682,eval,sguinetti
5438720546199592,eval,beddhist
545189633552914,train,jthnz
5469874236410988,eval,lakshyajeet
547818180475382,eval,ngoiya
549468669371165,eval,albingasparetto
549553363097172,train,sermersooq
553969882673886,eval,loveapple
5542417835829582,eval,denga
555386392095231,train,mohammedpasha
555568042092954,eval,danl
555762842477528,eval,mphathaway
5558054694236875,train,victorjr30
5576404379059265,eval,gtaylor
558624681788356,eval,df45
559154391717347,eval,chhe
560531001681355,train,gaoc
565734484393629,train,dclarks
5658313134197397,train,tulliomf
566463717659209,eval,akam
567082020940294,train,tobstu
568098510820493,eval,shovie80
569082887396712,train,jendos
569630821215016,eval,tiger65
570615493919905,eval,talpidae
5713069602067038,eval,srividya
574125533550758,eval,sylwek1212
574138444216731,eval,michelcouturemotomcm
574199796899968,train,elgaard
575278294340133,eval,lakshyajeet
5776908805660162,train,arun6723
577761323190651,eval,minooshaban
579748916301528,train,legrandblond
580345709599376,train,lucomsky
582208962771393,train,masuria
584258866386455,train,Ewcia
592090989370326,train,ariellopez
593744168321476,eval,jrc21
595148128075463,eval,rifki
597057061668255,eval,jacklehoullier
598737394447268,train,ayubalinejhad
600191600957951,train,pammay
607595716864201,train,harderthan
608522386772698,train,adnangood52
609914970319727,eval,madcad
610505957008088,eval,wapriz
611053466956872,eval,das116
611302189829737,eval,moenk
611367209819761,train,dkiselev
611707813655724,eval,ngoiya
614248259972602,train,spex_herman
614805949900273,train,mandawa
616399352641126,eval,diegobiavati
616907299703932,eval,taylorsmock
622985372435483,eval,weinschaum
627634381549519,eval,semi
629235331374669,eval,eluini3
629959318402058,eval,dirgam
629962711297116,train,thongdom
636899214135093,train,sararrokaj
644655073060889,eval,sanechec
648086880193508,eval,plannerqadeer
659282521866360,train,maansaha1
667247581693056,eval,mozammel
669015897711266,train,bct
672382620221326,train,colomvia2
672568017208715,train,raymond
674731257501879,train,eneerhut
683546016134007,train,viajes
690642559251980,train,TopoGeoSurvey
704864067932729,eval,michelcouturemotomcm
706111863915091,train,stevekacal
712633666397447,train,rohitpawar2424
715887690158618,eval,plannerqadeer
719718912312790,train,josevaldos950
726763655378036,eval,xaiythong
731070091489705,eval,WestWimmera
731932434141679,eval,hedaja
732267034694078,eval,WestWimmera
734278817563368,eval,almccon
734297167967261,eval,bikeni
734596510543692,eval,doti15sinapred
736015317075246,train,shailajashah
736082341150241,eval,allanp
736299793707309,train,woazboat
736796970329868,train,vialma
738627056816915,train,jmourglia
738650183471389,eval,pepenova
739351013403187,eval,nirabpudasaini
740226269986014,train,shahinnia
740234773319437,eval,asdfasdf0987
740627959938943,train,fatty_by
740897379925313,eval,gizmomdk
741144153249594,train,kietlak
741921436474950,eval,abbos
742953539720085,eval,htetnaing1004
744097482942197,eval,mcdlee
744109140062313,train,Nsalazar101
746043929408893,train,grauchen1964
747687229717003,eval,fatoukass
749142495778618,train,muzirian
749459745674248,train,babakspeedy
749490335936974,train,anara__09
749945949050213,train,dgearhart
750179018995658,train,mszilas
750224589009384,train,caboosey
750816108851769,train,rkd
750980412256003,eval,redsteakraw
751311478887375,eval,1111
751907032146156,train,thierryajeaniphone
752789225417876,train,domoun
752931518738047,train,jmourglia
753044042046482,train,smjardi
753533402004510,train,skylinefox
753620995305381,train,thecyclist
753820851951930,train,wilbur_d
754531558566614,eval,bouguin
754583741915998,eval,svenruppert
754663881836518,eval,prakash_madhak
755035135132573,eval,kharisov_t
755221825364231,train,crashhn
755693628426129,eval,juanita27
756006171727180,eval,ganbold
756303885009799,eval,edz3056
757803188248136,eval,sneas
757894941575940,eval,rsnaru
758847138327526,train,elpbatista
759203664725537,eval,janm67
759207348117150,eval,artoria2e5
760206014867487,train,momix
760378151292585,train,bergie
760409331301614,train,mayank1201
760828264620521,eval,mikles
761304834539924,eval,pedromartinez
762919234588030,eval,beata1
763592091015378,train,a525ao37
763872904494437,train,fredm
763913180784953,train,lyonwj
764027440926881,eval,anecdote27
764257634104306,eval,marczoutendijk
764920967557771,eval,shovie80
764987560826213,train,argz
765404064343354,train,gerald82
765429887493959,train,studio678
766633524045252,train,alterblank
767381973979307,train,b108
767687587448433,train,maxerickson
768085593897096,eval,wassaf
768472660529934,eval,doremi
768713440514296,eval,benoitprieur
768821300438144,train,hugoekectric100
769542187259238,eval,ruske
769640360401191,eval,tvitali
770273063674256,eval,skippern
771077853590359,eval,arni63
772305107012426,eval,bbo
772357150317842,train,lto
773398740029069,train,svance92
773440003371670,eval,galschool35
773842243523371,eval,julgq
774048836596051,train,doreen_natamba
775191043392976,eval,kulwinder
777772222924394,train,suhajdab
778244512891172,train,bejotel
779210469465531,eval,oluwatise
779225876312997,eval,tristan
780092049340116,eval,talllguy
780306822859122,train,chuck
780651322587808,train,ragnvald
781682726076750,eval,yeniprimasari3094
781721402737070,train,alanjisa
782500239297930,train,jglacerda
782972199068510,train,janvanbekkum
783970935563813,eval,sadeepa
784287502104911,train,dwtrueman
784470268915256,train,Larma
785168645452707,eval,mackerski
785400702362271,train,muhammedbinsaud
785489538771017,eval,yne
785695048614998,train,nicholsp
786927352183225,train,elgolfo
788982348417622,eval,deadolus
789178535042815,eval,ismaeldiarria
789473231965720,train,haliuna
792052321438410,train,bergie
793342661557210,train,stalfur
794229028145107,train,nicolas17
795530201329166,eval,mitjajez
798418794204360,train,morflot
798429247478749,eval,gbabmap
798488094187900,eval,alandl
798502227519392,train,inklingboi02
799167970726781,eval,aqua01
800031703964916,eval,pepenova
800068843959335,train,offirl
800396560853215,eval,jubaeroru80
800459827262410,train,100sassa
800630844172853,train,manzareck
803404327254149,eval,yaron
804249533859353,eval,justtobedrew
804803263754635,train,kimo
804932887102088,train,mihireteabe
804993350636668,eval,tobu
805481097036943,train,fidelekindeke
807011483576475,eval,bloodhound99
807261933255717,train,ullemann
807276723219372,train,zagor
808243360113660,eval,imadj
809101257085345,train,ksawant575757
809172669805826,eval,poeiradasestrelas
809525823036652,eval,tian
809858743276817,train,live
810247709912402,train,fbenitez
810577680079465,eval,lumos
811260763148400,eval,moltonel
811280373129294,train,aria
811418269755216,eval,michaelraj
811487649804660,eval,isawien45
811728706406362,eval,fell3
811750809444165,train,rrustem_haradinaj
811805609457740,eval,baumi
813118722956113,eval,jeffdelonge
813350672607376,train,russdeffner
813533645966843,train,vincent_95
813562726253111,eval,bigzone
814811235833233,train,suschtenname
815001922482401,eval,turkhalit
815030159109470,train,hoodlum
815086462772149,eval,alimamo
815180082764524,eval,phoneuploader
816823839241749,eval,kyoko
816885009181559,eval,madcad
816933869208434,eval,bandix
818041982462419,train,masuria
818045215805470,train,nilutpol
818801662066958,eval,jayprajapati
819786025323961,train,stpkyriakou
820832828834800,train,zaman
821410075140460,eval,_pg_
821566475461405,train,alllenwang
821577055231706,eval,geociencias
822159412071312,train,juan_saucedo
822942948652490,eval,adam2
823259451627299,train,a525ao37
825904074949113,train,gaptpro
826435791283265,eval,mapper84
826627367966252,train,benoitnaturel
826901991570216,train,amuzujoe
827691504832154,train,sermersooq
828819934703272,train,daniballari
829089991347257,train,maxerickson
829945647877829,train,jorrarro
830850730849162,eval,jlr
831433364398142,eval,xaiythong
831588381120975,train,moacirbmn
831883047750797,eval,anontamon
832100307723501,eval,tommaso
832904010656104,train,maiti21
833863897473238,eval,yosr
834035393871316,train,anime
834129437189468,eval,erc
834594160802804,eval,pertile
834929507432153,eval,borisy
835018970726402,eval,ccastro
836454266952596,train,hari88
837430816851024,eval,rustyb
8378308085544757,eval,Davidmejia7
837841883999570,train,vjain93
840407890216411,eval,mbwst
840767013462361,train,mitchellcrazyey
842183137148001,train,nunocaldeira
842315456493865,eval,yaron
842741859611073,train,ratzillas
842805556317544,train,oosterkamp
842972046616751,train,iovan
843344279610574,train,iago
843430123048420,train,skylinefox
844092596481005,train,xanu
844470573087593,eval,sige
844716882803395,train,dany917
845016553064305,eval,siggij
845023603034458,train,dcac
847103745883762,eval,awali
848297512832157,train,BernardPetersenNTA
848379726025634,train,sokeang
848439096022409,eval,ralley
852593095768687,eval,andrewsnow
853792398818725,eval,semi
859005141720254,eval,chicc0
859044787982136,train,juliashelukhova
859456217973702,eval,jeepney
860008971394778,eval,michaelraj
861011814494091,eval,axe
862216385138727,eval,masterofnoroad
866075407309746,eval,bmota
867054280956946,eval,dentonny
868055127112304,eval,justtobedrew
868553993740659,eval,mrgunen
868767593701789,train,mfa
870838564303525,train,Cyber_E
872183310315510,eval,christopherius
873487466917743,eval,nbwzrd
874534329792933,train,99problems
875585129726900,eval,jrc21
876589856253587,eval,jpol
877802973236791,eval,mozammel
880489502809517,train,ahmetaslanturk
886931408521814,eval,nicfer
889039158310270,eval,titel
889922984895881,train,mich74
892564001322651,eval,tallboss
892578048257220,train,benjidad
897023654208063,train,nao1201
897237857498820,eval,and987
897281561113780,train,fundacja_geolife
898469374269903,train,viniv
899953280608246,train,viniciusgrassi
900676523826650,eval,mly_den05
900756237162319,train,romansl
901125863783251,train,ccossio
901215713789914,train,jbthemilker
901242763989119,train,mohammedpasha
901405053757607,eval,tao
901722464003832,eval,rasmusr
903021963890611,train,bernardvoyageur
903834547061687,eval,supersubra
904218670420992,eval,klimakas
904444116955750,eval,miguel_andrade
907211416520386,train,jqka
907532273311610,train,eneerhut
908190333416572,eval,cmiles
908569679938418,eval,noamroze
909531913228199,train,southglos
911276746271780,train,shoorick
911996199521160,train,slsmda
912947476162632,train,wilpu
914023546095995,eval,ckibulu_2018
917183399076311,train,shvrm
918370382064248,eval,mahfuz
921286668414553,eval,thetornado76
922251615236670,eval,riblit
922328751811978,eval,who_i_am
922491194990938,eval,artoria2e5
922689001895285,train,pik
924388308135152,eval,vovenarg
926092707957618,eval,clemdoc
926420168141112,eval,ausama
927240781381806,eval,dymo12
927646297969547,train,chopelamama01
928764854602794,train,fundacja_geolife
929086371260983,eval,danbjoseph
931560074308251,eval,mtangune
934274790479507,eval,mlittig
936007067164954,train,mapconcierge
936567570443530,eval,jerome_pietri
938219197465458,eval,kojiroucircle
938230783607345,train,dhdgfsghd
938584323632919,eval,guilherme_peev
939077346827553,eval,seba020
939724190191368,train,yopaseopor
940308863466795,eval,lga
941459516672041,eval,sajv
942507536547044,eval,5rmft
943194213080875,eval,evgueni
943242182927874,train,alantiagofelipe
943784586163813,eval,adamanfhomhair
944094043074239,eval,phyd
944184059754923,eval,fando
944910062991328,train,jbryce28
945718649303490,train,muindre
946178949528762,eval,tanakayamada
947057529372927,train,amuzujoe
948649135966266,train,drtyhmsh
949681785864443,eval,morita
950452449114213,train,enestaha
951018915801524,eval,Maiduguri_Bama_Road
951432195612165,train,aliaktrk52
952096762230107,eval,diversant
952382705529151,train,andreas2
953610452080369,train,mprins
954667785485649,eval,Oil_Station
955344925270745,train,loprz
955665725169308,eval,aile85
956791391722658,eval,caz440
956881921715130,train,chanon
959217791513607,train,kymolos
960078471455978,eval,albingasparetto
960683501342172,eval,nesredinhassen
962289097873318,train,ff5722
962382894580128,eval,derzornigemarkus
963604661107712,eval,bdsarango2
963738331047716,eval,jayp
964276541074208,train,misstaylorx
964412277696911,eval,shivansh24
967000964226400,eval,orbac
968968687177022,eval,didier_abycriss
969509200470706,eval,goatsweater
970581266812364,eval,nvkelso
971663990323798,train,konfobox
972358679967926,eval,sarbarz
973176037001933,eval,rsnaru
973452163426713,eval,marker_geo
975915386554623,eval,klaberlang
976296633122644,train,daniballari
976570276513350,eval,spex_alex
980964669311802,eval,SHabebawgmp
982635465761130,eval,myusernameatmapillary
988175451720342,eval,ravennahid
989579331998184,train,ariellopez
993809814551866,train,countzero5
994201564317273,eval,bellazambo
996231647579037,train,zagor
